ADMIN;Administrator;Admin;Root;root
STE;Steinam;Karl;steinamk;Hallo123
ZIL;Zilles;Matthias;zillesm;Hallo123
ZOB;Zobel;Christoph;zobelc;Hallo123
SMA;Schellenberger;Mario;schellenm;Hallo123
TRO;Troester;Karla;troesterk;Hallo123
WIE;Wiesinger;Silke;wiesingers;Hallo123
LAM;Lange;Martin;langem;Hallo123
SYC;Sych;Gerd;sychg;Hallo123
SOL;Soellner;Katja;soellnerk;Hallo123
